"last_name, first_name","player_id","year","p_formatted_ip","pa","k_percent","bb_percent","xwoba","blasts_swing","squared_up_swing","barrel_batted_rate","hard_hit_percent","avg_hyper_speed","whiff_percent","swing_percent","groundballs_percent","linedrives_percent","popups_percent"
"Hart, Kyle",606996,2025,"43.0",179,20.7,7.3,".299",10.6,25.5,7.9,39.4,"94.040645",19.9,44.3,33.1,21.3,6.3
"Anderson, Tyler",542881,2025,"136.1",599,17.4,9.5,".345",11.8,24.9,11,36.6,"93.859851336",25,49,29.4,25.5,10.1
"Melton, Troy",675512,2025,"45.2",180,20,8.3,".297",11.9,28.7,8.6,49.2,"95.062617874",23.3,48.3,43.8,18.8,8.6
"Gage, Matt",657424,2025,"31.0",137,19.7,8.8,".271",9.5,24.9,3.1,33.3,"93.614838172",23.1,47.3,52.1,21.9,8.3
"Nance, Tommy",667297,2025,"31.2",126,25.4,5.6,".306",15.3,28.2,8.2,45.3,"95.076024286",24.7,46.6,52.3,25.6,3.5
"Cabrera, Génesis",650893,2025,"42.2",187,18.7,9.6,".333",12.8,27.5,11.4,42.4,"94.615786212",27.1,48,39.4,17.4,9.8
"Williams, Gavin",668909,2025,"167.2",704,24.6,11.8,".321",10,24.9,9,44.3,"94.830091267",27.7,45.7,46.1,22.2,4.9
"Falter, Bailey",663559,2025,"125.1",518,15.6,8.9,".340",14.2,30.2,9.5,45.1,"94.949158316",18.1,47,36.2,24.4,10.5
"Luzardo, Jesús",666200,2025,"183.2",758,28.5,7.5,".285",8.3,21.3,6.7,37.1,"93.779297426",30.8,47.8,42.7,25.3,6.6
"Allard, Kolby",663465,2025,"65.0",266,15.8,5.3,".286",10.8,27.1,5.7,35.9,"93.650984049",19.6,49.5,38.3,23.4,12
"Taylor, Grant",691799,2025,"36.2",157,34.4,9.6,".267",7.9,20.9,5.7,50,"95.609225181",30.7,48,51.1,27.3,4.5
"Blubaugh, AJ",805123,2025,"32.0",125,28,9.6,".280",11.6,21.2,10.4,42.3,"95.000814211",30,47.9,34.6,16.7,10.3
"Curtiss, John",595928,2025,"36.2",141,17,3.5,".320",9.9,24.2,8.9,42.9,"94.392163455",20.4,52.3,30.4,33.9,4.5
"Helsley, Ryan",664854,2025,"56.0",252,25,9.9,".310",7.7,23.7,7.4,41.7,"94.813928199",29.5,53,45.4,25.8,4.9
"Festa, Matt",670036,2025,"54.2",226,24.8,6.6,".290",9.4,24.2,6,34,"93.278516621",27.3,51.5,42.7,28,6
"Gordon, Tanner",685299,2025,"75.1",337,18.4,5,".368",12,24.8,11.5,41.2,"94.88351372",18,53.2,35.3,28.2,7.1
"Seymour, Ian",693855,2025,"57.0",242,26.4,7.9,".308",10.2,19.8,7.1,37.8,"93.983770066",27,49.5,37.2,30.1,6.4
"Ashcraft, Graham",668933,2025,"65.1",284,22.5,8.8,".290",7.7,19.8,4.1,32.3,"93.12468016",29.8,50,58.5,23.6,5.1
"Rodríguez, Randy",678495,2025,"50.2",198,33.8,5.6,".251",8,18.9,7.8,36.2,"93.639142783",31.1,49.8,37.1,21.6,10.3
"Sears, JP",676664,2025,"135.2",583,20.1,6.2,".319",11.1,24.6,9.4,39.4,"94.093992714",21.6,47.3,30.2,24.1,9.2
"Hoffman, Jeff",656546,2025,"68.0",287,29.3,9.4,".301",9.8,20.4,12.8,39.5,"94.667665118",31.6,50.7,40.7,22.1,10.5
"Megill, Tylor",656731,2025,"68.1",305,29.2,10.8,".306",9.7,25.3,6.4,43.8,"95.034338421",30.7,44.9,40.9,25.6,9.7
"Cabrera, Edward",665795,2025,"137.2",581,25.8,8.3,".312",11.9,24.8,8.6,46.4,"95.170167541",29.4,45.1,47.5,24.4,3.5
"Nelson, Ryne",669194,2025,"154.0",619,21.3,6.6,".308",11.4,28.4,7.5,45.5,"94.984519659",21.6,50.4,40,26.2,5.7
"Wacha, Michael",608379,2025,"172.2",716,17.6,6.3,".316",10.5,24.8,7.4,34.6,"93.523519129",21.3,50.4,37.8,25.2,9.8
"Eflin, Zach",621107,2025,"71.1",309,16.2,4.2,".327",14.6,30.1,9.4,40.6,"94.433231088",20.5,50.1,42.2,24.6,3.7
"Alcala, Jorge",660896,2025,"55.0",257,23.7,11.7,".327",8.7,21.8,10.9,37.6,"94.258767654",25.7,47.4,34.5,21.8,11.5
"Blackburn, Paul",621112,2025,"39.0",175,19.4,6.9,".310",10.3,22.3,7.9,35.2,"93.464801496",22.5,47.3,43.8,25.8,7.8
"Horton, Cade",690990,2025,"118.0",476,20.4,6.9,".306",11,27.6,10.1,41.3,"94.451553027",25.8,48.6,42.8,20.9,7.1
"Newcomb, Sean",656794,2025,"92.1",391,23.3,7.9,".306",10.1,25.8,5.7,41.8,"94.200995837",21.4,46.2,47.5,25.5,5.3
"Hancock, Emerson",676106,2025,"90.0",385,16.6,8.1,".358",12.6,26.7,7.7,42.5,"94.459962923",20.3,49.6,43.9,24.9,6
"Richardson, Lyon",680689,2025,"37.2",172,17.4,12.2,".345",14.5,31,5.9,46.2,"94.882098151",22.3,40.5,53.8,24.4,1.7
"Ferguson, Tyler",621053,2025,"58.0",246,22,13.8,".301",7.3,23.3,6.5,31.8,"93.116137733",26,46.7,38.3,20.8,7.8
"Chandler, Bubba",696149,2025,"31.1",124,25,3.2,".298",8.5,24,9.4,40.7,"94.569092353",30.3,50.1,46.5,25.6,5.8
"Miller, Erik",669062,2025,"30.0",128,17.2,15.6,".330",8.6,24.4,3.6,32.5,"93.1156705",30.7,47.3,49.4,22.9,8.4
"De Los Santos, Enyel",660853,2025,"66.0",280,22.1,8.6,".316",10.4,20.2,8.9,40.1,"94.296939162",30,51.6,33.3,29.7,10.4
"Pérez, Martín",527048,2025,"56.0",228,19.3,9.6,".354",14.9,26.4,15,39.4,"94.398870189",20.9,42.4,38.8,19.4,10
"Bibee, Tanner",676440,2025,"182.1",762,21.3,7.1,".297",10.3,24.8,8.1,36.6,"93.884607443",23.8,46.3,45.3,19.8,8.4
"Soroka, Michael",647336,2025,"89.2",379,25.1,7.7,".293",10.5,24.4,6.7,40.4,"94.280573361",23.7,45.5,44.2,17.9,8.8
"McCullers Jr., Lance",621121,2025,"55.1",274,22.3,14.2,".353",13.2,25.2,11.4,50,"95.287341084",25.1,40,47.6,19.9,6.6
"Irvin, Jake",663623,2025,"180.0",787,15.8,7.9,".360",16,30.6,12,47.1,"95.158643027",18.2,46.8,43.5,23.2,5.4
"Fairbanks, Pete",664126,2025,"60.1",244,24.2,7.4,".275",9.1,24.9,4.8,42.8,"94.165084049",26.1,50.6,45.8,21.1,8.4
"Iglesias, Raisel",628452,2025,"67.1",267,27.3,6.4,".277",7.7,22.7,8.7,34.9,"93.587533547",30.9,51.8,32,24.6,10.3
"Corbin, Patrick",571578,2025,"155.1",663,19.8,7.7,".336",12.9,26.7,8.4,40.4,"94.301912618",26.9,46.3,41,25.5,6.1
"Meyer, Max",676974,2025,"64.2",285,23.9,7,".337",14,29.2,9.2,48.2,"95.684813731",27.4,47.4,49.7,20.5,5.1
"O'Brien, Riley",676617,2025,"48.0",199,22.6,11.1,".297",8.1,23.7,3.2,34.4,"93.31006925",24.6,45.1,55.2,24,5.6
"Leiter Jr., Mark",643410,2025,"48.1",219,24.7,7.8,".301",11,22.3,5.6,33.3,"93.340015141",29.1,45.4,47.2,18.1,7.6
"Rogers, Tyler",643511,2025,"77.1",299,16.1,2.3,".256",13.2,30.4,2.1,33.1,"93.082203445",15.9,54.6,61.6,22.7,2.9
"Arrighetti, Spencer",681293,2025,"35.1",156,19.9,12.8,".356",14.7,26.7,8.8,45.1,"94.953613663",27.4,43.7,38.2,28.4,7.8
"Fluharty, Mason",689254,2025,"52.2",215,26,11.2,".284",8,21,7.5,33.1,"93.20536855",31.9,46.3,42.1,18,9.8
"Dollander, Chase",801403,2025,"98.0",441,18.6,11.1,".347",9.8,24.3,11.5,40.5,"94.268447185",22.9,47,42.4,25,5.3
"Burns, Chase",695505,2025,"43.1",188,35.6,8.5,".291",7.3,18.6,9.5,45.7,"94.89525835",31.9,52.4,37.1,24.8,8.6
"Berríos, José",621244,2025,"166.0",698,19.8,8,".337",13.3,28.5,11.3,42.5,"94.705282256",22,46.1,42.3,22.1,8.2
"Oviedo, Johan",670912,2025,"40.1",170,24.7,13.5,".316",9.6,22.1,6.9,35.3,"93.934282157",29.9,42.3,31.4,20.6,13.7
"Priester, Quinn",682990,2025,"157.1",653,20.2,7.7,".298",11.7,26.1,7.4,39.4,"94.11122105",24.5,46.2,55.7,19.4,5.8
"Mears, Nick",683232,2025,"56.2",222,20.7,6.3,".325",11,26.7,10.6,42.9,"94.850952785",25,54.9,34.8,23.6,6.8
"Martinez, Nick",607259,2025,"165.2",683,17,6.1,".312",10.1,27.7,7,34.5,"93.267375748",19.9,47.1,39.3,24.9,8.1
"Boyd, Matthew",571510,2025,"179.2",718,21.4,5.8,".301",11.3,25.3,9,38,"93.962286673",23.1,51.5,39,21.1,9.6
"deGrom, Jacob",594798,2025,"172.2",669,27.7,5.5,".286",9.2,22.8,9.3,41.9,"94.499823864",30.2,51.7,38.1,22.3,6.5
"McGreevy, Michael",700241,2025,"95.2",400,14.5,5,".333",15.4,34.6,8.8,40.1,"94.840920349",19.2,45.9,48,24.1,3.8
"Giolito, Lucas",608337,2025,"145.0",613,19.7,9.1,".345",12.8,28.5,9,41.1,"94.777289536",22.9,47.3,39.5,23.8,9.7
"Buehler, Walker",621111,2025,"126.0",564,16.3,10.6,".355",11.9,26.1,9.5,37.8,"94.03109665",19.2,44.6,42.5,27,6.5
"Mize, Casey",663554,2025,"149.0",627,22.2,5.7,".298",11.3,26.7,9.2,42.5,"94.590713063",24.1,49.6,40.3,23.8,6.7
"Garcia, Rico",670329,2025,"34.1",142,26.8,7,".280",9.9,19,7.4,42.6,"94.043402366",30.7,50.5,47.9,19.1,8.5
"Martin, Chris",455119,2025,"42.1",173,24.9,4,".302",10.2,22.6,9,41,"94.800879669",21.8,55.3,43.4,21.3,7.4
"Casparius, Ben",676508,2025,"77.2",333,21.3,6.3,".300",8.5,24.9,7.1,31.9,"92.986533941",27.6,49.7,34,24.8,9.7
"Speier, Gabe",642100,2025,"62.0",243,33.7,4.5,".247",10.6,21.2,9,40.7,"94.681682168",30.9,52,40,18.6,6.9
"Seymour, Carson",693313,2025,"36.0",156,16.7,8.3,".367",14,28.9,15.5,44.8,"95.602991228",21.8,43.6,50.9,22.4,2.6
"Gore, MacKenzie",669022,2025,"159.2",679,27.2,9.3,".322",10,22.9,10.6,44.1,"94.95579848",29.7,49.4,38.5,24.4,5.6
"Castillo, Luis",622491,2025,"180.2",745,21.7,6.2,".312",10.8,24.1,10.4,46.4,"95.089940152",24.6,51.6,41.1,22.8,7.4
"Pomeranz, Drew",519141,2025,"49.2",203,28.1,7.4,".291",9.8,20.2,8.7,42.9,"94.62131056",24.5,50,39.7,23.8,10.3
"Wentz, Joey",666214,2025,"98.0",442,20.8,9.7,".329",12.2,25.7,9.5,42.8,"94.649886954",23.5,49.2,38.2,27.5,6.9
"Kershaw, Clayton",477132,2025,"112.2",463,18.1,7.6,".303",14.3,29.4,4.1,42.1,"94.516163835",24.3,45.3,48.2,22.2,7.3
"Jansen, Kenley",445276,2025,"59.0",234,24.4,8.1,".301",9,24.3,8.9,44.6,"94.96297526",25.8,55.7,28.7,16.6,11.5
"Beck, Tristan",663941,2025,"56.2",232,17.7,6.9,".326",12.1,31.5,8.7,38.2,"94.12311386",22.9,49.1,42.2,23.7,8.7
"Schlittler, Cam",693645,2025,"73.0",304,27.6,10.2,".314",6.8,18.3,8.2,40.2,"94.098445683",26.1,50.1,36.4,30.4,6.5
"Jax, Griffin",643377,2025,"66.0",283,35,7.4,".282",9.9,19.7,9.4,44.1,"94.907304747",37.3,50.6,46.6,28.6,4.3
"Weaver, Luke",596133,2025,"64.2",262,27.5,7.6,".268",7.5,20.2,8.3,39.9,"94.278156886",31,52.6,27.4,23.2,9.5
"Enright, Nic",663671,2025,"31.0",127,23.6,9.4,".303",6.1,20.2,6,36.1,"93.154156098",26.4,51.3,33.7,25.3,10.8
"Lord, Brad",695418,2025,"130.2",546,19.8,7.9,".335",11.8,23.7,7.1,41.8,"94.578532262",21.3,50,49,25.5,5.6
"Leahy, Kyle",681517,2025,"88.0",363,22,7.7,".325",11.7,23.6,9.8,44.1,"94.740171833",23.1,49.7,44.5,28,5.9
"Cease, Dylan",656302,2025,"168.0",722,29.8,9.8,".290",7.6,18.9,8.6,37.5,"93.931109718",33.4,49.2,37.3,23.8,8.6
"Hall, DL",669084,2025,"38.2",155,17.4,11,".294",11.3,28.1,6.3,28.8,"92.985195586",19.6,44.2,36.9,29.7,4.5
"Singer, Brady",663903,2025,"169.2",716,22.8,8.4,".320",12.3,27.1,9.4,40.7,"94.544913495",24,44.4,39.7,25.5,6.5
"Perkins, Jack",678022,2025,"38.2",161,23,11.2,".297",9,18.3,9.6,35.6,"93.284277981",32.2,48.2,41.3,15.4,10.6
"Misiorowski, Jacob",694819,2025,"66.0",272,32,11,".288",5.8,17.6,7.9,37.5,"93.62802596",29.7,49.8,34.9,30.3,6.6
"Morillo, Juan",666661,2025,"34.1",152,23.7,13.2,".301",7.7,19.3,5.3,42.1,"94.11918828",26.6,48.8,50.5,26.3,9.5
"Pepiot, Ryan",686752,2025,"167.2",679,24.6,9,".310",10.4,22.9,9.7,42.5,"94.907501",26,50.1,38.7,24.3,7.2
"Suter, Brent",608718,2025,"67.2",291,18.2,6.2,".314",11,26,8,32.9,"93.10736599",21.4,48,45.4,21.1,4.6
"Quantrill, Cal",615698,2025,"117.2",513,16.6,6.8,".366",14.6,29.7,12.5,44.3,"94.980472992",20.2,46.7,34.3,28.1,6.7
"Rogers, Trevor",669432,2025,"109.2",423,24.3,6.9,".288",12.2,22.6,7.6,48.4,"95.210002667",25.6,52.9,46.4,20.1,9
"Messick, Parker",800048,2025,"39.2",165,23,3.6,".274",9.1,26,5.8,29.8,"93.461058264",26,46.1,48.8,25.6,5
"Harrison, Kyle",690986,2025,"35.2",156,24.4,9,".316",10,25.5,6.8,42.7,"94.7913102",25.9,50.5,39.8,29.1,4.9
"Booser, Cam",592155,2025,"31.0",143,24.5,13.3,".326",9.9,23.2,13.8,42.5,"95.090481786",30,47.3,32.2,23,10.3
"Funderburk, Kody",681892,2025,"41.0",183,21.9,9.8,".298",11.9,29.2,4.9,42.6,"94.409817833",21.4,41.9,54.1,20.5,4.1
"Estrada, Jeremiah",669093,2025,"73.0",304,35.5,8.9,".260",7.3,19.7,9,39.2,"94.230622317",34.9,51.9,35.5,21.7,12.7
"Knack, Landon",689017,2025,"42.1",185,22.7,10.3,".362",13.1,25.6,15.6,49.2,"95.808123361",21.6,45.5,31.1,27.9,8.2
"Chapman, Aroldis",547973,2025,"61.1",228,37.3,6.6,".227",5.6,14.7,5.5,36.7,"93.713131024",35.8,57.3,38.3,23.4,10.2
"Fernandez, Ryan",681676,2025,"30.1",140,24.3,11.4,".313",9.3,21.7,11.2,43.8,"94.366684607",32.1,50,46.1,15.7,7.9
"Suarez, Ranger",624133,2025,"157.1",651,23.2,5.8,".278",10.5,25.7,5.5,31.1,"93.042499196",22.2,47.9,48,20.4,6.8
"Stanek, Ryne",592773,2025,"56.0",255,22.7,12.5,".327",8.4,21.6,10.9,43.6,"94.444661758",27.8,52.5,32.7,23,10.9
"Hader, Josh",623352,2025,"52.2",206,36.9,7.8,".221",6,16.5,8.1,34.2,"93.2392575",40.5,55.1,22.5,22.5,19.8
"Ashby, Aaron",676879,2025,"66.2",270,28.1,8.9,".276",9.7,26.1,3.1,40,"94.376961125",27,42,62.4,21.8,1.8
"Hendricks, Kyle",543294,2025,"164.2",695,16.4,6.2,".308",12.5,25.6,8.3,34.3,"93.310892792",18.3,48,39.2,22.9,9
"Kolek, Stephen",663568,2025,"112.2",461,16.7,6.7,".321",15.3,30.2,6.1,48,"95.430454825",17.7,46.8,51.7,22.5,3.5
"Yamamoto, Yoshinobu",808967,2025,"173.2",684,29.4,8.6,".259",8.9,19.9,5.7,39.7,"94.220626442",28.9,46.7,53.7,19.7,4.5
"Enns, Dietrich",608650,2025,"46.1",200,24.5,7.5,".288",9.8,22.8,4.4,36,"93.773204846",27.2,54.1,42.6,30.1,8.1
"Anderson, Grant",681982,2025,"69.2",299,24.7,9.7,".300",10.5,24.9,5.2,38.1,"94.255863351",30.9,48.1,42.8,25.3,6.2
"Alvarado, Elvis",665660,2025,"42.1",183,27.3,12,".304",8.9,20.4,8.3,46.8,"95.049966514",33.7,46.9,39.4,22.9,7.3
"Graceffo, Gordon",700669,2025,"43.0",193,20.7,6.7,".326",14.2,29.9,7.2,53.6,"95.925008116",23.1,48,45.7,28.3,5.8
"Castillo, José",620454,2025,"32.0",149,20.1,9.4,".315",13.1,29.4,6,42.6,"94.443429388",22.6,46.4,55.4,20.8,1
"Romano, Jordan",605447,2025,"42.2",187,25.1,9.1,".313",11.3,24.3,10,39.2,"94.377039244",28.7,46.8,38.3,18.3,11.7
"Civale, Aaron",650644,2025,"102.0",435,20.2,7.6,".314",11.4,25.8,9.8,39.1,"93.781385182",21.8,45.4,34.9,22.8,10.4
"Barlow, Scott",605130,2025,"68.1",303,24.8,14.9,".323",7.7,20.1,7.4,30.5,"92.875805543",30.8,41.3,44.1,20.3,10.2
"Clase, Emmanuel",661403,2025,"47.1",201,23.4,6,".277",7.3,22,5.1,38.4,"93.803160511",32.1,54.3,47.1,24.6,6.5
"Smith-Shawver, AJ",700363,2025,"44.1",191,22,10.5,".378",15,32.1,12.6,50.8,"95.756931587",27.1,46.3,35.9,29.7,3.9
"Williams, Trevor",592866,2025,"82.2",373,17.4,5.6,".330",13.4,29.7,8.5,40.7,"94.332743633",19.8,46.7,35.1,27.7,6.7
"Banks, Tanner",621383,2025,"67.1",267,22.8,4.5,".303",9.5,22,7.8,36.8,"93.663802872",21.9,50.1,38.9,28.5,5.7
"Lee, Dylan",669276,2025,"68.1",266,28.6,5.3,".268",7.8,18.3,10.3,33.5,"93.327081775",33.6,51.5,38.6,18.8,9.7
"Boushley, Caleb",676961,2025,"43.1",193,21.2,7.3,".370",15.1,31.3,11.8,50,"95.271632148",20.8,42.2,39.7,33.8,5.9
"Ferrer, Jose A.",678606,2025,"76.1",324,21.9,4.9,".294",10.7,26.1,4.8,42.2,"94.646342064",24.8,49.8,64.3,20.4,1.3
"Junis, Jakob",596001,2025,"66.2",274,20.1,6.6,".312",12.8,27.5,6.1,38.6,"93.920402813",22.7,44.5,42.1,25.4,6.6
"Dobbins, Hunter",690928,2025,"61.0",256,17.6,6.6,".308",14.4,32.3,6.8,41.7,"94.643822789",21.9,46.5,48.4,25.5,6.3
"Bieber, Shane",669456,2025,"40.1",159,23.3,4.4,".327",14.6,31,12.3,48.2,"95.836548158",27.9,46.2,49.1,23.7,1.8
"Ramírez, Yohan",670990,2025,"33.1",155,29,10.3,".328",9.9,21.4,13.3,45.6,"94.628384556",25.8,49.5,37.8,28.9,4.4
"Strahm, Matt",621381,2025,"62.1",256,27.3,7.8,".261",8.2,22.3,4.3,38.4,"93.789260192",23.8,52.4,23.8,25,15.2
"Coulombe, Danny",543056,2025,"43.0",176,24.4,10.2,".309",9.8,20,5.2,38.3,"93.564165804",27.7,50.6,41.7,24.3,8.7
"Leiter, Jack",683004,2025,"151.2",646,22.9,10.4,".326",10.6,24.2,10.8,43.9,"94.832958467",24.3,47.8,37.8,23.2,8.9
"Verlander, Justin",434378,2025,"152.0",662,20.7,7.9,".319",11.1,25.1,8.1,37,"93.938797983",24.8,48.8,35.5,25.3,9.2
"Brown, Ben",676962,2025,"106.1",472,25.6,6.8,".329",13.2,28.8,11.4,47.3,"95.598631097",28.3,47.9,42.9,24.8,5.7
"Faucher, Calvin",676534,2025,"60.1",255,23.1,9.4,".323",10.5,25.3,4.7,34.3,"93.486938024",23.7,42.5,45,26,5.9
"Gonsolin, Tony",664062,2025,"36.0",157,24.2,11.5,".351",11.2,28.4,11.2,44.9,"95.140222083",30.3,43.8,40.8,20.4,7.1
"Leasure, Jordan",673929,2025,"64.1",269,30.1,11.2,".279",7.6,19.1,10.8,37.6,"94.011580968",31.9,48.8,28.7,24.8,14.6
"Flexen, Chris",623167,2025,"43.2",178,12.4,6.7,".346",12,31.4,9,41.7,"94.462315177",16.7,49.8,36.8,27.8,5.6
"Kinley, Tyler",641755,2025,"72.2",308,23.7,10.7,".292",6.8,22.2,7,29.6,"93.183719543",31.2,49.1,33.7,24.1,11.6
"Cecconi, Slade",677944,2025,"132.0",545,20,5.9,".343",16.2,31.4,12.2,49.1,"95.530064534",22.5,46.5,41.4,24.2,6.2
"Scott, Tanner",656945,2025,"57.0",237,25.3,7.2,".317",9.4,20.6,9,42.3,"94.584847386",29.5,55.9,39.7,25,9
"Schwellenbach, Spencer",680885,2025,"110.2",434,24.9,4.1,".294",12.3,26,7.5,41.5,"94.493622852",28.3,51.8,47.4,27.1,6.2
"Ferguson, Caleb",657571,2025,"65.1",270,18.9,8.1,".291",6.7,21.6,3.2,27.7,"92.37738129",21.4,47.9,49.7,27.7,4.2
"Rea, Colin",607067,2025,"159.1",662,19.2,6.6,".328",11.9,29,10.3,41,"94.443682505",22,47.6,40,27,8.7
"Adam, Jason",592094,2025,"65.1",270,25.9,9.3,".260",8.9,23.8,7,38,"93.56960574",33.3,48.9,43.9,17,8.8
"Feltner, Ryan",663372,2025,"30.1",135,18.5,8.9,".284",9.3,25,4.1,35.7,"94.387792083",26.5,48.5,48,18.4,5.1
"Clarke, Taylor",664199,2025,"55.1",206,21.4,4.4,".298",9.8,25.7,7.9,40.8,"94.198920397",23.3,47.6,44.1,22.4,8.6
"Schreiber, John",670167,2025,"64.0",265,23.4,7.2,".311",10.7,24.7,9.3,38.3,"93.948012265",23.4,47.7,39.9,23.5,8.7
"Woodford, Jake",663765,2025,"36.1",170,13.5,7.6,".344",11.4,27.5,6.9,33.6,"93.234400625",16.4,45.8,45.8,26,5.3
"Webb, Logan",657277,2025,"207.0",856,26.2,5.4,".295",12.5,27.3,8.3,40.2,"94.732224965",24.7,46.2,54.2,25.6,3.3
"Lazar, Max",676661,2025,"41.1",170,15.3,7.1,".371",15.5,33.2,9.8,52.3,"96.089544154",20.3,45.8,37.9,31.1,6.1
"Stroman, Marcus",573186,2025,"39.0",175,14.9,9.1,".367",16.8,26.5,10.8,49.6,"95.549940078",19.2,47.3,48.1,18.3,5.3
"Scherzer, Max",453286,2025,"85.0",358,22.9,6.4,".332",10.7,22.4,12.4,38.2,"94.042422948",23.6,50.1,27.5,25.1,10.4
"Morgan, David",688158,2025,"47.1",193,25.9,11.9,".301",10.3,23.3,7.7,45.8,"94.875696379",25.5,49.6,44.9,27.1,6.8
"Yarbrough, Ryan",642232,2025,"64.0",264,20.8,7.2,".320",10.7,24.8,6.9,34,"93.280751497",26.6,45.5,39.4,23.4,5.9
"Borucki, Ryan",621366,2025,"35.0",145,22.1,11,".341",10.7,22.8,8.3,38.5,"94.004990333",29.8,46.3,58.3,18.8,7.3
"Lynch IV, Daniel",663738,2025,"67.2",289,15.6,9,".328",14.7,31.5,8.1,42.5,"94.451533462",22.3,42.9,49.1,18.4,7.5
"Green, Chad",643338,2025,"43.2",190,18.4,6.8,".370",15.4,28.3,16.4,52.9,"96.106873333",22.7,51,33.6,20,11.4
"Armstrong, Shawn",542888,2025,"74.0",284,26.1,7,".272",6.9,22,7.1,34.2,"93.240193661",24.4,47.6,35.9,20.1,10.3
"Uribe, Abner",682842,2025,"75.1",298,30.2,9.1,".260",8.6,19.8,2.9,34.9,"93.438742544",32,45.7,54.3,22.3,7.4
"May, Dustin",669160,2025,"132.1",584,21.1,9.6,".349",13,26.9,9.2,44.5,"95.163508072",20,45.3,42.7,25.7,5.3
"Holton, Tyler",663947,2025,"78.2",312,20.5,5.4,".303",12.9,28.1,8.2,37.7,"94.106642522",24.6,47.6,48.1,22.5,5.6
"Palencia, Daniel",694037,2025,"52.2",215,28.4,7.4,".282",8.8,27.4,4.4,48.5,"94.70085791",27.5,51,39.7,27.2,7.4
"Imanaga, Shota",684007,2025,"144.2",567,20.6,4.6,".313",12.1,25.7,11.6,43.5,"94.869016506",24.6,53.8,30,19.6,10.9
"Bellozo, Valente",678368,2025,"81.1",348,15.5,6.6,".350",13.1,26.8,11.7,41.4,"94.487669696",20.2,49.9,32,20.3,9.8
"Rodríguez, Manuel",655889,2025,"30.1",121,20.7,5,".274",10.9,24.5,3.4,41.6,"94.352912299",25.9,50.1,59.6,21.3,5.6
"Peralta, Freddy",642547,2025,"176.2",723,28.2,9.1,".289",7,20.5,9.3,34.5,"93.5568435",30.1,46.9,37.5,22.6,11.1
"Snell, Blake",605483,2025,"61.1",254,28.3,10.2,".283",7.7,16.8,5.8,34,"93.530650537",35.6,47.3,50.6,26.9,4.5
"Duran, Jhoan",661395,2025,"70.0",287,27.9,6.6,".248",9.6,21.5,4.3,41.6,"94.76861306",30.8,53.2,65.4,17.8,1.6
"Mlodzinski, Carmen",669387,2025,"99.0",419,21.2,6.4,".313",12.1,28.2,6.1,40.1,"94.732405308",23,46.6,48.5,25.4,6
"Hoglund, Gunnar",680684,2025,"32.1",139,16.5,7.9,".408",15.6,31.6,16.2,45.7,"96.00007381",22,45.7,41,24.8,1
"Hernández, Carlos",672578,2025,"43.1",203,19.2,10.8,".359",10.9,26,11.4,38.6,"94.592783162",26.6,50.1,34.3,23.6,8.6
"Ort, Kaleb",672391,2025,"46.0",194,25.3,13.9,".288",9.3,20.2,7.8,37.9,"94.296714914",29.2,46.4,41.4,16.4,10.3
"Thielbar, Caleb",573204,2025,"58.0",220,25.5,5.9,".247",10.9,24.5,6.6,31.8,"93.279437133",26.9,49.7,39.7,16.6,13.2
"Phillips, Tyler",663969,2025,"77.2",313,16.6,7.7,".298",14,30.2,5.1,43.4,"94.783240429",27.3,47.9,55.7,18.3,5.1
"Soriano, José",667755,2025,"169.0",724,21,10.8,".312",13.7,28.4,7.2,48.2,"95.946385146",27,44.8,66,20.3,1.6
"Smith, Shane",681343,2025,"146.1",616,23.5,9.4,".310",10.2,24.8,6.8,45.4,"94.983409519",27.7,48.3,41.1,26.4,4.5
"Herget, Jimmy",623474,2025,"83.1",347,23.3,7.5,".284",12.5,25.6,7.3,39.1,"93.881776234",26.9,46.6,35.2,25.3,10.7
"Fermin, José",820862,2025,"34.1",152,25.7,15.1,".314",10.5,23,13.5,46.1,"94.816130112",33.1,45.4,31.5,16.9,9
"Bello, Brayan",678394,2025,"166.2",700,17.7,8.4,".327",12.1,26,7.1,39.3,"94.176171155",20.1,45.8,50,21.2,4.8
"Bachar, Lake",669199,2025,"71.0",296,25.3,10.1,".327",9.7,26.5,10.7,41.5,"94.506561793",30.2,46.3,35.1,25,11.2
"Ashcraft, Braxton",677952,2025,"69.2",292,24.3,8.2,".289",8.9,21.5,4.7,38.5,"94.089793979",26.2,50.2,50.8,23.1,4.1
"Doval, Camilo",666808,2025,"65.1",278,25.9,12.6,".297",8.3,22.5,6,40.5,"94.494643916",28.4,47.3,53.6,22.6,4.8
"Hurter, Brant",676428,2025,"63.0",277,24.5,9.7,".297",10.3,27.6,3.5,36.8,"93.552781024",26,44.2,50.9,24,5.3
"Martin, Davis",663436,2025,"142.2",601,17.3,8,".347",13.9,27.4,9.8,44.6,"95.394861477",21.6,49.4,45.9,22.2,5.2
"Englert, Mason",669438,2025,"44.2",185,23.8,5.9,".318",12.1,24.8,9.4,46.9,"95.853766746",25.1,50.1,41.4,27.3,7
"Wilson, Bryse",669060,2025,"47.1",224,12.5,8.5,".422",16.8,30.5,11,45.4,"95.450946154",16.7,47,35.1,29.9,5.2
"García, Luis",472610,2025,"55.1",233,20.6,11.2,".327",12.1,25.3,7.5,48.4,"95.325510256",24.1,48.7,49.7,28.9,3.1
"Young, Brandon",687064,2025,"57.2",256,18.4,8.6,".320",13,28,10.2,42.2,"94.69738663",21.6,48.2,44.9,20.3,5.9
"Rodríguez, Yariel",684320,2025,"73.0",298,22.1,11.4,".317",10.6,22.5,9.4,35.9,"93.477406085",27.5,45.6,40.6,25.5,8.9
"Gómez, Yoendrys",672782,2025,"62.2",277,20.9,9.7,".347",10,25.8,12.4,37.4,"94.185554595",23.9,47.1,36.9,21.9,8
"Elder, Bryce",693821,2025,"156.1",679,19.3,7.5,".335",15,28.5,7.8,43.8,"94.988058103",22.5,46.3,48.9,23.8,2.2
"Keller, Mitch",656605,2025,"176.1",749,20,6.8,".326",12.4,27.2,7.8,43.8,"94.723694728",20.6,48.5,44.3,24.2,7.1
"Uceta, Edwin",670955,2025,"76.0",321,32.1,8.4,".306",8.3,17.2,9.3,36.6,"94.165568324",35.6,53,32.8,24.6,8.2
"Allen, Logan",671106,2025,"156.2",676,18,9.2,".326",12.5,26.4,9.1,37.5,"94.148613721",20.6,44.3,45.6,22.7,8.2
"Ross, Joe",605452,2025,"51.0",228,17.1,7.9,".373",10.3,24.2,11.9,43.5,"94.873628303",22.4,50.8,46.4,23.8,4.8
"Burke, Sean",680732,2025,"134.1",596,22.3,10.6,".342",10.8,24.7,10.5,42.7,"94.73809907",25.1,46.9,36.1,25.2,6.6
"Díaz, Edwin",621242,2025,"66.1",258,38,8.1,".247",5.8,17.2,4.6,39.7,"94.369810156",41.5,47.6,48.1,23.7,4.6
"Ohl, Pierson",701487,2025,"30.0",133,20.3,5.3,".337",12.4,27.3,10.1,39.4,"94.616288571",22,50.2,35.4,36.4,5.1
"Burrows, Mike",681347,2025,"96.0",402,24.1,7.7,".322",12,24.8,10.8,42,"94.693836269",27,48.7,41.3,26.8,6.7
"Winn, Cole",668390,2025,"41.2",162,21.6,10.5,".317",13.8,26,10.5,48.1,"95.652362427",22.9,45.9,48.1,19.8,3.8
"Kelly, Kevin",687330,2025,"39.2",171,20.5,5.3,".381",20.5,34.5,15.7,52.8,"96.20311373",21.2,46.6,44.1,26.8,4.7
"Sterner, Justin",686993,2025,"65.0",266,26.3,7.9,".285",8.7,24.5,9.6,38.9,"94.196491916",30.8,50,29.9,24,12
"Mikolas, Miles",571945,2025,"156.1",669,14.9,5.5,".351",14.4,29,12.7,41.8,"94.601714237",16.5,48,40.8,21.9,6.4
"Glasnow, Tyler",607192,2025,"90.1",366,29,11.7,".285",7.5,23.4,8,37.4,"93.680485164",28.2,42.4,44.4,22,5.1
"Dreyer, Jack",676263,2025,"76.1",307,24.1,7.8,".257",9.7,24.1,5.3,39.7,"94.032878366",26.7,51.4,39.2,22,10
"Bender, Anthony",669622,2025,"50.0",204,20.6,10.3,".294",13.5,32,7.2,44.6,"94.508008759",20.6,41.5,48.9,16.5,4.3
"Bazardo, Eduard",660825,2025,"78.2",313,26.2,8.6,".285",10.5,25.5,9.4,37.1,"93.734075347",19.4,42.9,38.6,23.3,7.4
"Rodriguez, Eduardo",593958,2025,"154.1",694,20.6,8.6,".328",11.6,26.2,8.2,35.2,"93.89951643",23,47.1,38.9,27.4,9.8
"Soriano, George",666277,2025,"36.2",173,20.8,11,".403",12.8,23.8,14.8,44.3,"94.966557826",26,46.7,44.3,29.6,2.6
"Rodón, Carlos",607074,2025,"195.1",789,25.7,9.3,".285",9.5,22.4,7.6,38.9,"94.179910283",30.3,45.5,44,21.6,6.7
"Little, Brendon",663893,2025,"68.1",295,30.8,15.3,".286",12,22.2,6.4,47.1,"95.180069677",43.5,40.6,59.9,21.7,4.5
"Garcia, Robert",676395,2025,"64.0",269,25.3,8.2,".303",10.9,23,7.9,34.3,"93.978746286",28.6,51,39.9,25.3,2.8
"Heaney, Andrew",571760,2025,"122.1",536,16,7.5,".362",14.2,29.5,10.3,43.6,"94.947389467",19.9,47.5,37.9,28.2,6.5
"Sánchez, Cristopher",650911,2025,"202.0",807,26.3,5.5,".272",11.4,25.2,5.7,39.8,"94.392001148",30.4,49.5,58.5,22,2.6
"Lucchesi, Joey",664192,2025,"38.1",165,18.8,7.3,".293",12.1,29.1,6.7,31.7,"93.461507094",19.6,45.1,54.2,17.5,7.5
"Rasmussen, Drew",656876,2025,"150.0",585,21.7,6.3,".291",11.8,26.2,6.3,43.3,"94.708687282",22.2,48.6,49.5,20.9,6.5
"Suarez, Robert",663158,2025,"69.2",269,27.9,5.9,".298",8.8,21.4,9.1,42.6,"95.062653121",24,54.3,36.9,27.8,8.5
"Littell, Zack",641793,2025,"186.2",759,17.1,4.2,".323",12.7,28.5,9.9,40.9,"94.458762186",20.4,51.8,40.7,23.3,8.2
"Miller, Shelby",571946,2025,"46.0",186,29,8.1,".292",9.9,21,8.8,42.5,"94.659739196",31.7,50.5,34.5,30.1,6.2
"Fedde, Erick",607200,2025,"141.0",623,13.3,10.8,".355",12.3,29.6,7.9,42.6,"94.366291335",18,44.7,42.1,23.6,7.7
"Gilbert, Tyler",656457,2025,"51.0",215,22.8,11.2,".312",11,27.1,10.1,40.7,"94.180523139",26.2,46.8,33.6,22.9,7.9
"Flaherty, Jack",656427,2025,"161.0",681,27.6,8.7,".310",11.7,22.8,10.3,43.8,"94.724612024",27.3,45.6,37.1,26.3,7.5
"Parker, Mitchell",680730,2025,"164.2",725,14.2,8,".370",15.7,30.5,9.7,50,"95.835160597",19.6,51.2,37.7,27.5,7
"Garrett, Reed",657585,2025,"55.1",238,26.9,10.9,".292",9,22.6,4.8,40.8,"94.289357534",30.5,45.3,42.2,27.2,6.1
"Gomber, Austin",596295,2025,"57.2",272,12.5,6.3,".372",13.6,27.5,14.5,39.5,"94.163679539",15.9,49,34.5,22.3,5.9
"Lopez, Jacob",682052,2025,"92.2",399,28.3,9.3,".297",9,18.4,6.6,33.2,"93.259499619",28.3,45.6,28.6,27.4,10.4
"Kittredge, Andrew",552640,2025,"53.0",208,30.8,5.3,".261",11.4,22.7,6.8,44.4,"95.016293969",29.8,53.3,49.6,23.3,1.5
"Montero, Keider",672456,2025,"90.2",389,18.5,8,".333",12.4,27.5,8.2,39.4,"94.272348602",19.8,47.7,41.2,25.4,6.3
"Estévez, Carlos",608032,2025,"66.0",269,20.1,8.2,".299",10.5,23.7,10.6,38.1,"93.934951649",19,49.4,25.4,29.6,14.8
"Okert, Steven",595345,2025,"71.2",276,30.4,6.9,".253",8.1,21.6,7.1,32.7,"93.270206747",32.8,51.3,25.7,24,13.5
"Pfaadt, Brandon",694297,2025,"176.2",767,19.2,4.8,".351",14.5,27.3,10.9,45.8,"95.370126614",22.1,49.2,42.3,28.4,5.4
"Canning, Griffin",656288,2025,"76.1",327,21.4,10.4,".334",10.8,24.4,9.5,45.7,"95.23954656",25.5,45.8,51.6,22.4,4
"Cameron, Noah",702070,2025,"138.1",556,20.5,7.7,".313",12.2,25.9,6.3,37.4,"93.899827391",26.6,47.2,42.2,22.5,8.6
"Bido, Osvaldo",674370,2025,"79.2",363,18.7,9.6,".354",11.3,26.8,11.9,40.9,"94.687870913",25,49.5,30.7,23.2,8.7
"Strider, Spencer",675911,2025,"125.1",539,24.3,9.5,".341",12.8,26.8,10.6,42.7,"95.310076308",30.6,47.6,37.5,26.1,4.9
"Schmidt, Clarke",657376,2025,"78.2",316,23.1,9.5,".272",10.1,23.5,6.6,35.4,"93.721791185",26.6,47.6,33,24.5,10.8
"Wilson, Justin",458677,2025,"48.1",207,27.5,9.7,".296",7.9,19,7,35.9,"93.777462698",31.9,50.7,46.9,25,7
"Thornton, Trent",663423,2025,"42.1",180,17.8,7.8,".339",11,26.2,6.9,42.3,"94.477236589",20.6,49.5,43.8,23.1,8.5
"Quintana, Jose",500779,2025,"131.2",556,16,9,".349",15,31.6,9.7,41.7,"94.323604352",18.4,43.2,42.7,24,6.1
"Brown, Hunter",686613,2025,"185.1",729,28.3,7.8,".277",8.4,21.1,5.9,32.2,"93.243178596",27.8,44.8,48.1,22.2,6.3
"Alexander, Tyler",641302,2025,"97.2",423,19.4,7.1,".332",11.4,26.7,5.9,39.6,"94.163849394",21.5,48.8,35.7,26,9.1
"Brogdon, Connor",641401,2025,"47.0",199,24.6,9,".305",8.9,21.9,12.9,40.2,"94.213360763",29.3,49.2,31.1,23.5,10.6
"King, Michael",650633,2025,"73.1",308,24.7,8.4,".320",11.1,23.7,11.4,38.1,"94.366145373",25.8,44.1,39.1,19.8,10.9
"Ryan, Joe",657746,2025,"171.0",689,28.2,5.7,".289",9.7,22.3,11.5,41.9,"94.608611131",26.1,49.7,36.9,20.3,10.6
"Gallen, Zac",668678,2025,"192.0",813,21.5,8.1,".320",13.3,28.4,9.7,43,"94.701400977",23.7,44.9,44.4,22,3.3
"Matz, Steven",571927,2025,"76.2",309,19.1,3.6,".287",12.3,28.2,6.4,40.5,"94.236201645",18.8,48.6,47.7,21.9,8.9
"Kelly, Michael",547184,2025,"39.2",166,17.5,11.4,".338",11.9,28.1,10.3,35.9,"93.379355088",22.2,43.2,42.7,19.7,6
"Dana, Caden",702674,2025,"32.1",141,23.4,12.8,".339",9.9,22.1,11.4,39.3,"94.224457701",28.2,42.3,41.6,21.3,3.4
"Montgomery, Mason",682254,2025,"46.0",209,30.1,12.9,".330",7.3,15.4,9.4,39,"94.636496106",35.8,51.1,44.9,25.4,5.1
"Fitts, Richard",690916,2025,"45.0",195,20.5,8.2,".361",12.6,24.9,12.8,48.5,"95.34205947",25.3,53.2,43.3,26.1,3
"Vargas, Carlos",672841,2025,"77.0",331,16.3,6.9,".298",9.7,32,4.9,35.2,"93.844737137",18.9,48.7,57.1,19.8,2.8
"Romero, JoJo",668941,2025,"61.0",255,21.6,11.4,".291",11.2,25.9,7.3,35.1,"93.63772638",27,41.5,57.1,17.3,7.1
"Mahle, Tyler",641816,2025,"86.2",346,19.1,8.4,".319",9.4,24.4,8,37.1,"93.80845964",23.2,49.9,38.6,27.1,7.6
"Kikuchi, Yusei",579328,2025,"178.1",772,22.5,9.6,".327",11.7,25,9.4,42.2,"95.007564466",23.6,48.3,40.3,25.7,6.3
"Palmquist, Carson",687223,2025,"34.1",175,15.4,14.3,".378",12.1,25.4,14.2,40,"94.396216581",21,43.3,32.5,22.5,9.2
"Blewett, Scott",656240,2025,"44.1",194,18,9.3,".332",16.6,29.6,11.4,50,"95.764812117",27.6,48.4,49.3,18.6,3.6
"Bernardino, Brennan",657514,2025,"51.2",225,19.1,12,".287",13,27.3,7.3,35.8,"93.832306486",19.3,43.6,50.3,18.5,9.3
"Chafin, Andrew",605177,2025,"33.2",143,25.2,13.3,".290",7.1,20.4,3.4,37.5,"93.195206322",27.7,45.9,46.6,23.9,8
"Birdsong, Hayden",806185,2025,"65.2",298,22.8,12.4,".334",10,25.8,9.6,46.8,"94.684951497",28.4,43.7,34,24.5,11.2
"Vodnik, Victor",680767,2025,"50.2",215,22.8,12.1,".317",12.1,25.7,8.6,48.6,"95.651511583",26.5,44,54.3,21.4,2.1
"Mattson, Isaac",676755,2025,"47.2",198,22.7,9.6,".283",9,24.6,6.1,39.4,"93.900533953",23.2,51,28.8,22,16.7
"Skenes, Paul",694973,2025,"187.2",733,29.5,5.7,".255",8.3,19.8,5.8,40.1,"93.884708556",30.1,49.6,44.6,22.8,7.7
"Boyle, Joe",671212,2025,"52.0",226,25.7,12.4,".312",11.6,24.2,10.2,46,"95.211971825",29,43.9,44.5,17.5,9.5
"Vest, Will",676684,2025,"68.2",284,26.4,7.7,".266",9.6,24,4.3,41.4,"94.149179946",26.7,48,58.1,18.8,4.8
"Pressly, Ryan",519151,2025,"41.1",182,15.4,9.3,".350",16.8,33,6.7,50,"95.377848561",17.4,46,53,20.9,7.5
"Soto, Gregory",642397,2025,"60.1",279,25.1,8.6,".305",10.2,23.1,4,37.9,"94.241314176",29.9,47,44.8,24.1,6.9
"Woodruff, Brandon",605540,2025,"64.2",257,32.3,5.4,".233",8.8,20.4,7.1,35.9,"93.594377821",27.9,50.5,34,16.7,16
"Lee, Chase",695445,2025,"37.1",148,24.3,6.1,".346",12.2,27.8,13.9,40.6,"94.948634455",21.1,44.3,35.6,26.7,4
"Bird, Jake",656234,2025,"55.1",248,26.6,10.1,".305",11.9,24.6,8.4,42.9,"94.353653247",28.1,43.9,46.1,26,3.9
"Spence, Mitch",687765,2025,"84.2",375,17.6,6.9,".363",12.9,25.8,11.9,42.8,"94.752186945",25.7,50.8,43.9,25.9,5
"Bowlan, Jonathan",680742,2025,"44.1",180,25.6,9.4,".303",9.3,21.7,9.4,36.8,"94.011314696",33.7,48.1,49.6,21.4,4.3
"Matsui, Yuki",673513,2025,"63.1",272,22.4,12.1,".313",9.5,23.9,9,37.3,"93.797769716",30.3,49,32.2,19.8,11.3
"Murphy, Chris",669684,2025,"34.2",148,20.3,13.5,".310",12.6,27.6,7.5,46.2,"94.38600087",26.5,44.5,53.8,17.2,8.6
"Morejon, Adrian",670970,2025,"73.2",286,24.5,5.9,".254",9,24.3,4,30.7,"92.96996724",23.8,48,54.3,19.1,7
"Koenig, Jared",657649,2025,"66.0",268,25.4,7.5,".263",8.6,24.9,5.1,34.7,"93.512511561",22.9,43.9,46.6,16.5,4
"Kerkering, Orion",689147,2025,"60.0",266,24.4,10.2,".298",8.1,23.9,6.5,33.5,"93.028676407",23.7,42.9,43.5,22.9,8.2
"Severino, Luis",622663,2025,"162.2",705,17.6,7.1,".331",12.4,25.4,6,41.9,"94.478741811",18.3,47.3,41.9,27.2,7.2
"Woo, Bryan",693433,2025,"186.2",731,27.1,4.9,".274",10,23,9.1,41.8,"94.556632572",26.2,53.2,41.4,22.9,8.9
"Crismatt, Nabil",622503,2025,"34.0",153,16.3,5.9,".330",11.4,29.2,5.1,29.7,"92.987057739",23.8,47.2,45.8,25.4,4.2
"Sheehan, Emmet",686218,2025,"73.1",291,30.6,7.6,".271",7.8,20.2,10.1,41.6,"94.324085281",32.9,50.4,33.7,27,9.6
"Baz, Shane",669358,2025,"166.1",711,24.8,9,".306",10,23.8,9.5,39.4,"94.260697",25.8,49.2,47,21.6,8.7
"Assad, Javier",665871,2025,"37.0",153,15,7.8,".339",13,27.7,3.5,40.4,"94.317117807",16.5,46,46.5,27.2,6.1
"Hamilton, Ian",641656,2025,"40.0",166,25.3,13.3,".315",8.2,22.5,10.1,36,"94.043123299",27.8,49.5,39,26,7
"Williams, Devin",642207,2025,"62.0",259,34.7,9.7,".272",7.7,17.9,9.3,35.7,"94.280628201",37.7,50,45,22.1,7.1
"Kochanowicz, Jack",686799,2025,"111.0",512,14.1,11.3,".368",14.5,29.7,9.4,49.6,"95.756225538",20.8,47.6,52.5,20,4
"Gusto, Ryan",687473,2025,"101.2",453,21.4,7.9,".330",12.8,25.9,9.5,45.7,"95.083939808",23.4,49.1,36.8,24.4,9.5
"Burnes, Corbin",669203,2025,"64.1",265,23.8,9.8,".306",10.9,24.5,8.1,41.6,"94.85857848",25.7,46.3,50.9,25.4,4.6
"Cruz, Steven",674444,2025,"45.2",189,20.1,9.5,".289",7.9,28.2,5.3,34.1,"93.526750154",24.3,50,40.2,23.5,9.1
"Finnegan, Kyle",640448,2025,"57.0",229,24,7.9,".278",11.2,25,7.8,42.9,"94.625118344",24.6,50,49.4,22.1,5.8
"Latz, Jacob",656641,2025,"85.2",348,21.8,10.6,".315",11.1,23.8,6.4,42.6,"94.595176581",29.4,49.2,37.9,25.1,10.6
"Abreu, Bryan",650556,2025,"71.0",296,35.5,10.5,".288",9.7,21,8.4,45.5,"94.823645752",41.2,46.2,35.9,30.8,9
"Alcantara, Sandy",645261,2025,"174.2",745,19.1,7.7,".332",11,25.7,8.6,45,"95.038047336",20.9,49.5,46.6,24.6,4.7
"Cantillo, Joey",676282,2025,"95.1",401,26.9,10.5,".300",13.1,27.7,7.2,41.8,"94.47711972",29.7,43.2,41.4,26.3,6.4
"Jobe, Jackson",695549,2025,"49.0",218,17.9,12.4,".340",11.6,29.5,8.7,43.3,"94.535962568",24.7,43.9,44,21.3,6.7
"Trivino, Lou",642152,2025,"47.2",207,17.9,8.7,".346",8.2,22.7,9.6,30.8,"93.161742766",25.1,46.4,35.6,21.9,13
"Ragans, Cole",666142,2025,"61.2",257,38.1,7.8,".256",7.8,18.3,9.5,39.4,"94.275790368",34.8,49.6,37.2,25.5,10.2
"Carrasco, Carlos",471911,2025,"45.2",212,16,8,".354",16.4,30.3,10.8,42.9,"94.954997051",22.5,45.6,36,28.6,5.6
"Bautista, Félix",642585,2025,"34.2",142,35.2,16.2,".264",6.7,14.7,8.7,42,"94.303268696",35.7,45.1,50.7,18.8,13
"Pérez, Eury",691587,2025,"95.1",385,27.3,8.3,".281",8.8,21.9,9,46.5,"95.063994016",28.4,50.3,31.4,21.2,10.2
"Hanifee, Brenan",669724,2025,"60.0",260,15.4,5.4,".315",15.1,33.9,6.9,44.6,"95.089713762",16.1,45.2,55.4,23.5,3.4
"Burke, Brock",656271,2025,"61.2",257,20.2,7,".303",8.7,24.1,7.1,40.8,"94.832949483",23.4,52.4,53.3,18.5,3.8
"Greene, Hunter",668881,2025,"107.2",420,31.4,6.2,".273",9.5,21.6,9.7,45,"94.82207358",31.4,53.4,34.2,22.7,11.2
"Zerpa, Angel",672582,2025,"64.2",275,21.1,8,".311",13.4,31.9,8.3,43,"94.766879415",16.4,43.3,63.7,18.1,2.1
"Jacob, Alek",689690,2025,"33.1",153,15,9.2,".344",12,24,7.3,31.8,"92.803120092",21.3,45.7,38.2,21.8,11.8
"Harris, Hogan",663687,2025,"64.2",277,23.5,11.9,".305",7.8,26,5.6,32.6,"93.049922557",23,45.6,34.8,30.3,6.2
"Eovaldi, Nathan",543135,2025,"130.0",496,26,4.2,".271",10.1,22.9,7.4,38.5,"93.954033855",27.7,50.7,51.2,19.8,4.1
"Cano, Yennier",666974,2025,"58.0",251,21.1,9.6,".299",9.5,24.8,4.7,35.3,"93.617649337",23.5,45.2,55.9,21.8,4.7
"Henry, Cole",669371,2025,"52.2",241,21.6,13.3,".326",9.9,25.3,7.5,37,"94.270835034",25.6,42.8,32.2,23.3,16.4
"Gil, Luis",661563,2025,"57.0",244,16.8,13.5,".342",10.5,27.9,8.3,42.6,"94.765663491",21.5,44,32,26.6,11.8
"Evans, Logan",688138,2025,"81.1",350,16.9,8.9,".350",14.4,27.2,10.5,42.6,"94.565172078",19.4,45,40.2,28.5,6.3
"Francis, Bowden",670102,2025,"64.0",288,18.8,9.4,".373",14,27.7,12.4,52.2,"95.7876814",23.3,46.7,33.8,23.9,11.4
"Crochet, Garrett",676979,2025,"205.1",814,31.3,5.7,".266",8.2,19.6,7.3,37.3,"93.9771349",29.4,51.8,49.3,20.8,6.9
"Vásquez, Randy",681190,2025,"133.2",570,13.7,9.1,".354",12.6,27.9,10.9,39.3,"94.305900278",15.7,46.4,40.2,21,10.9
"Ureña, José",570632,2025,"55.0",245,13.9,9.4,".389",11.5,25.4,13,40,"94.656698297",19.8,48.2,37.3,29.7,7.6
"Weissert, Greg",669711,2025,"67.0",278,20.5,7.6,".289",9.4,28.8,7.7,38.6,"94.000111026",22.4,46.7,41.6,22.8,7.6
"Mejia, Juan",675848,2025,"61.1",261,26.1,9.6,".270",7.4,20.9,5.1,34.6,"93.351381346",30.4,48,38.9,25.3,8.6
"Hatch, Thomas",641672,2025,"34.0",152,14.5,11.2,".337",10.8,24.2,8,38.1,"94.029478142",19.2,48.8,44.2,18.6,7.1
"Chivilli, Angel",683409,2025,"58.2",275,15.6,8.4,".356",11.6,26.8,9.9,42.9,"95.137926207",29.7,50.1,49.8,23.2,3.9
"Kelly, Zack",677161,2025,"35.1",152,23,7.9,".289",8.7,24.8,4.9,31.4,"93.0280845",23.3,49.3,43.1,25.5,6.9
"Herrin, Tim",682120,2025,"42.2",194,23.2,15.5,".324",10.8,27.3,5.4,42.5,"94.038742768",29.4,41.7,41.6,21.2,8
"Darvish, Yu",506433,2025,"72.0",296,23,6.4,".297",8.8,22.9,8.9,33,"93.193532836",23,47,40.4,21.2,9.9
"López, Pablo",641154,2025,"75.2",312,23.4,6.4,".309",8.9,24.5,6,35.3,"93.87682108",25.9,48.5,38.6,27.4,6.5
"Shugart, Chase",663767,2025,"45.0",181,17.1,9.4,".332",12.5,28.4,9.2,38.6,"93.932006107",24.6,43.5,33.3,27.3,11.4
"Muñoz, Andrés",662253,2025,"62.1",254,32.7,11,".263",7.7,20.2,6.6,39.9,"93.885968074",36.5,47.1,51.4,23.9,2.9
"Ohtani, Shohei",660271,2025,"47.0",187,33.2,4.3,".249",5.9,18.6,3.4,30.8,"93.202968261",32.5,49.8,41.9,25.6,6
"Agnos, Zach",688642,2025,"31.1",137,13.9,11.7,".384",11.7,27.4,13,44.1,"94.796081919",29.4,48.4,40.2,22.5,4.9
"Cortes, Nestor",641482,2025,"34.1",157,18.5,12.7,".395",15.3,32.4,15.1,46.2,"95.498235429",25,42.7,33,18.9,8.5
"Roupp, Landen",694738,2025,"106.2",476,21.4,9.5,".319",11.4,27.7,8.9,36.5,"94.175041433",25.2,43.8,46,24.8,4.9
"Long, Sam",669674,2025,"40.1",189,17.5,11.6,".342",12.8,25.9,8.3,42.4,"94.180791145",19.1,46.1,41.7,23.5,6.8
"Dodd, Dylan",689266,2025,"35.0",136,22.1,3.7,".289",10.7,23.6,8,48,"95.3824356",30.9,54.3,52,21,3
"Holmes, Clay",605280,2025,"165.2",708,18.2,9.3,".322",12.3,28.3,6.8,42.3,"94.822225709",22.1,44.8,55.9,21.6,4.2
"Abbott, Andrew",671096,2025,"166.1",684,21.8,6.3,".294",8.5,22.2,8,33.7,"93.25435499",24,50,32.9,23.5,10.6
"Alexander, Jason",669920,2025,"77.1",336,19.3,7.7,".339",15.1,29.8,8.3,45.9,"95.370083264",24.6,43.8,44.6,25.2,5.8
"Legumina, Casey",668984,2025,"49.2",219,25.1,11.4,".304",11.9,23.5,8.8,43.8,"95.008117941",24.6,49.6,39.4,22.6,8
"Whitlock, Garrett",676477,2025,"72.0",293,31.1,8.2,".262",8.5,18.9,8.7,36.4,"94.074555491",32.8,53,45.7,25.4,5.2
"Domínguez, Seranthony",622554,2025,"62.2",261,30.3,13.8,".282",6.6,18,6.9,36.8,"93.430835764",33.3,44.6,43.1,24.3,11.1
"Miller, Bryce",682243,2025,"90.1",392,18.9,8.7,".351",12.8,25.8,9.4,48.6,"95.807492873",24.2,50.9,39.3,25.7,9.3
"Lorenzen, Michael",547179,2025,"141.2",606,21,6.4,".331",10.6,27.4,8.8,39.2,"94.056205903",23.4,48.1,39.2,24.9,8.8
"Pivetta, Nick",601713,2025,"181.2",721,26.4,6.9,".309",12.1,25.4,10.9,45,"94.701402267",24.6,47.7,34.1,23.4,9.2
"Adams, Travis",701519,2025,"33.2",158,19.6,10.8,".393",9.4,23.9,12.3,40.6,"94.18605981",25.6,46.6,33,30.2,4.7
"Dubin, Shawn",681869,2025,"33.2",145,19.3,7.6,".301",11.4,29.4,4.8,40.4,"93.907752788",20.7,44.6,49,22.1,8.7
"Springs, Jeffrey",605488,2025,"171.0",713,19.4,7.6,".321",11.9,27.6,8.1,37.3,"93.911262183",26,46.3,31.9,29.2,9.5
"Warren, Will",701542,2025,"162.1",711,24.1,9.1,".330",12.5,27.3,10.9,45.3,"95.303643801",24.6,42.8,42.8,26.2,5.5
"Houser, Adrian",605288,2025,"125.0",518,17.8,7.3,".312",13.6,29.2,6.1,47.6,"95.051249788",18.1,49.6,48.9,23.7,6.6
"Pagán, Emilio",641941,2025,"68.2",270,30,8.1,".266",7.6,20.8,9.1,37,"93.705661043",29.2,53.2,29.1,18.8,13.3
"Megill, Trevor",656730,2025,"47.0",192,31.3,8.9,".281",8.3,25.3,7.8,39.1,"94.67628625",31.4,49,40,28.7,5.2
"Henriquez, Ronny",678692,2025,"73.0",303,32.3,8.9,".269",9.9,21,10.9,42.5,"94.152020702",36,49.4,40.8,17.2,8
"Olson, Reese",681857,2025,"68.2",285,22.8,8.8,".313",11,27.1,7.4,44.7,"95.248943138",29.7,44.4,43.2,24.2,4.2
"Milner, Hoby",571948,2025,"70.1",293,19.8,7.2,".303",12.2,30.3,9,36.8,"93.624473333",15.5,43.6,53.8,18.9,3.3
"Topa, Justin",623437,2025,"60.0",268,18.3,6.7,".325",14.7,29.3,5.6,44.7,"94.832875722",18.1,47.2,47.7,27.9,6.6
"Waddell, Brandon",663399,2025,"31.1",134,16.4,8.2,".360",12.3,31.1,10,40,"94.332121717",20.6,46.5,40,21,5
"Márquez, Germán",608566,2025,"126.1",591,14,8.1,".366",15.7,32.7,11.1,48.5,"95.499986518",18.6,48,36.9,28.1,6.6
"Woods Richardson, Simeon",680573,2025,"111.1",471,22.7,9.8,".304",10.8,25.2,11.4,41.6,"94.323096369",24.1,48,33.3,21,10.8
"Kahnle, Tommy",592454,2025,"63.0",267,18.7,11.6,".328",12.3,27.8,9.2,37.3,"93.764634946",25.4,43.7,47.6,21.1,8.1
"Sugano, Tomoyuki",608372,2025,"157.0",675,15.7,5.3,".366",13.3,29.5,11.8,39.8,"94.37679225",18.5,47,40.8,24.2,6.5
"Bradish, Kyle",680694,2025,"32.0",126,37.3,7.9,".275",8.1,19.3,8.8,38.2,"94.417301029",34.8,45.3,33.8,30.9,11.8
"Holmes, Grant",656550,2025,"115.0",492,25,11,".329",10.2,22.2,10.1,41.9,"94.661142401",29.7,48.3,45.8,23.1,3.6
"Webb, Jacob",657097,2025,"66.0",267,21.7,7.1,".281",9,21,5.9,34.6,"93.147000383",27.6,51.1,33.5,19.7,11.2
"Vesia, Alex",681911,2025,"59.2",237,33.8,9.3,".274",7.2,16,10.8,37.7,"94.182131587",30.7,50.2,30.8,20.8,19.2
"McLean, Nolan",690997,2025,"48.0",188,30.3,8.5,".292",13.1,25.5,8,43.4,"94.963544071",28.4,42.4,60.2,19.5,3.5
"Morton, Charlie",450203,2025,"142.0",654,22.8,11,".333",11.7,25.5,8.6,43.6,"94.941118471",27.9,46.8,44.4,25.4,5.3
"Svanson, Matt",694335,2025,"60.1",234,29.1,8.5,".275",8.9,22.1,8.5,35.9,"94.20207",23.1,44.1,43,26.1,6.3
"Cleavinger, Garrett",664076,2025,"61.1",243,33.7,7.4,".280",11.7,24,5.9,41.2,"94.963080076",36,49.5,47.1,19.1,5.9
"Povich, Cade",700249,2025,"112.1",488,24.2,8.8,".356",13.8,26.7,11.3,46.9,"95.396274334",24.2,44.9,42.3,24.5,6.7
"Hernández, Daysbel",678226,2025,"37.0",163,20.2,17.8,".318",9.5,22,9.1,37.4,"94.012642887",29.2,43,45.5,20.2,6.1
"Miller, Mason",695243,2025,"61.2",234,44.4,12,".249",4.3,13.9,10,37.6,"93.484907835",45.2,49.9,41.6,21.8,8.9
"Simpson, Josh",681006,2025,"30.2",151,23.8,14.6,".333",12.2,23.5,6.7,44.9,"95.10063382",26.1,45.7,53.9,25.8,2.2
"Bednar, David",670280,2025,"62.2",251,34.3,7.6,".264",8.7,22.3,9,42.1,"94.382782917",31.1,47.8,44.1,26.9,6.2
"Sasaki, Roki",808963,2025,"36.1",161,17.4,13.7,".362",11.9,30.4,11.1,45.4,"94.617473458",22.1,43,38.9,25,4.6
"Stewart, Brock",592779,2025,"37.2",159,27.7,8.2,".259",5.9,19,4.1,32.7,"93.229603711",31.1,51.1,37.8,17.3,12.2
"Gilbert, Logan",669302,2025,"131.0",535,32.3,5.8,".275",9.2,21.5,8.6,41.7,"94.674260997",32.9,51.1,39.8,24.1,7.7
"Houck, Tanner",656557,2025,"43.2",203,15.8,8.4,".376",15.4,31.2,8.1,46.3,"95.438010268",21.6,44.5,49,26.2,3.4
"Beeks, Jalen",656222,2025,"57.1",231,20.3,8.7,".306",9.4,21,10.5,39.5,"94.389777875",27.7,49.2,46.9,19.8,5.6
"Wilson, Steven",621051,2025,"55.1",241,21.2,9.1,".302",10.8,25.2,5.5,36.4,"93.533160485",24.8,47.6,26.1,26.7,10.9
"Nicolas, Kyle",693312,2025,"38.0",167,20.4,10.8,".315",11,24.9,7.1,38.9,"94.404391607",29.4,47.5,41.6,23.9,8
"Bivens, Spencer",702352,2025,"81.0",343,17.8,7.3,".313",9.5,25.9,7.2,37.3,"93.556352177",17,49.1,52.8,19.4,7.1
"Maton, Phil",664208,2025,"61.1",249,32.5,9.6,".264",8.7,20.3,3.6,30.7,"92.742270667",36.2,46.9,46,27.7,6.6
"Myers, Tobias",668964,2025,"50.2",220,17.3,6.8,".324",12.3,29.1,6.7,44.8,"94.68101638",21.4,51,37,26.1,9.1
"Gordon, Colton",676467,2025,"86.0",379,19,5,".332",11.7,25.8,11.6,40.6,"94.21274",18,50.5,32.9,29,9.4
"Kelly, Merrill",518876,2025,"184.0",748,22.3,6.4,".316",12.3,25.4,9.3,43.5,"94.908594218",24.1,49.3,43.7,22.8,7.7
"Patrick, Chad",694477,2025,"119.2",503,25.2,8,".306",9.6,22.1,8.1,42.2,"94.369077591",23.5,50.1,31.9,29.2,9.9
"Detmers, Reid",672282,2025,"63.2",266,30.1,9.4,".296",9.8,23.7,8.2,42.8,"94.748538662",32.7,49.7,45.3,27.7,3.8
"Liberatore, Matthew",669461,2025,"151.2",648,18.8,6.2,".339",13.1,31.4,10.6,41.1,"94.74102241",20.2,48.2,39,26.8,6.8
"Sands, Cole",663485,2025,"72.0",299,21.4,6.4,".306",10.7,26.2,9.9,41.5,"94.410445845",22.2,48.5,43.9,22.6,7.5
"Manaea, Sean",640455,2025,"60.2",263,28.5,4.6,".311",9.3,20.1,8.9,42.6,"94.746596121",26.8,52.4,37.9,26.6,10.7
"Thompson, Ryan",657044,2025,"41.1",175,20.6,7.4,".295",15.2,28.9,8.1,40.3,"94.890948145",25.3,48.6,49.2,25.8,4
"Morales, Luis",806960,2025,"48.2",199,21.6,9,".325",10.6,24.2,11,41.6,"94.558966912",23.5,44,35,21.2,11.7
"Johnson, Pierce",572955,2025,"59.0",238,24.8,8,".297",14.3,27.1,8.8,42.8,"94.362369045",26.2,44.2,34.6,26.4,7.5
"Festa, David",701581,2025,"53.1",229,23.1,8.3,".339",11.6,23.6,11.8,40.5,"95.067738344",27.4,51.2,36.6,19.6,9.8
"Santana, Dennis",642701,2025,"70.1",270,22.2,6.3,".292",10.9,24.7,10.6,37.4,"93.826098995",27.3,51.6,38.9,20.5,6.3
"Gausman, Kevin",592332,2025,"193.0",775,24.4,6.5,".301",10.2,22.7,8.5,41.4,"94.522007833",26.4,51.6,37.3,26,7
"Gaddis, Hunter",683769,2025,"66.2",274,26.6,7.7,".298",11.6,25.3,9.5,39.1,"94.667482443",32.2,50.9,37.4,22.9,8.9
"Weathers, Ryan",677960,2025,"38.1",166,22.3,7.2,".309",10.3,26.7,9.6,42.2,"94.738206842",28.8,48.8,44.8,17.2,4.3
"Valdez, Framber",664285,2025,"192.0",802,23.3,8.5,".303",14.2,28.7,6.7,46.3,"95.300987092",26.6,47.3,59.4,21.7,2.4
"Ogasawara, Shinnosuke",829272,2025,"38.2",173,17.3,9.8,".355",14.9,27.9,10.6,41.5,"94.705759669",23.5,45.5,38.2,25.2,3.3
"Mazur, Adam",800049,2025,"30.0",139,13.7,8.6,".346",11,26,8.4,31.8,"93.596534206",21.8,48.9,43,23.4,4.7
"Wesneski, Hayden",669713,2025,"32.0",131,22.1,4.6,".321",9.9,27.4,10.5,42.1,"94.265432935",23.2,47.4,38.9,24.2,9.5
"Fisher, Braydon",680755,2025,"50.0",202,30.7,9.4,".285",8.8,24.8,7.6,36.4,"93.774442137",29.9,43.6,36.4,19.5,11
"Akin, Keegan",669211,2025,"63.1",268,22,12.3,".333",10.9,21.2,9.7,41.7,"94.332622312",25.6,51.2,38.3,23.4,5.7
"Bummer, Aaron",607481,2025,"54.1",236,21.6,7.6,".318",11.8,31.5,3.2,39.1,"94.157028693",22.9,43.1,55.8,27.6,0.6
"Senzatela, Antonio",622608,2025,"130.0",618,11.8,7.6,".395",16.3,35.1,9.3,46,"95.433018917",18.1,46.7,44.4,27.6,3.5
"Kirby, George",669923,2025,"126.0",524,26.1,5.5,".306",11,25.1,8.6,43.9,"94.704687126",26.7,49,44.4,26.8,5.4
"Baker, Bryan",641329,2025,"68.2",274,30.3,6.2,".311",11.3,22.6,12.6,48.3,"95.34969185",29.1,51.1,37.9,24.7,9.2
"Rutledge, Jackson",671131,2025,"73.1",331,19.6,7.6,".335",11.7,27.7,9.9,49.1,"95.404287792",25.3,47.3,41.5,20.1,10.3
"Halvorsen, Seth",678020,2025,"39.2",172,20.9,11.6,".323",9.7,23.6,9.5,39.7,"94.422480442",29.4,48.1,52.6,19.8,5.2
"Montas, Frankie",593423,2025,"38.2",178,18,7.9,".353",13.2,24.4,11.5,40.5,"94.543882868",23.8,48.6,41.2,23.7,6.9
"Wrobleski, Justin",680736,2025,"66.2",280,27.1,6.1,".288",12,24.8,3.8,47.8,"95.696025111",24.6,50.6,51.1,25,4.3
"Rocker, Kumar",677958,2025,"64.1",287,19.5,8,".364",13.6,26.2,11.8,47.5,"95.797203564",24.9,50,49,24,3.9
"Bradley, Taj",671737,2025,"142.2",605,21,9.3,".314",11.4,24.3,7.4,39.9,"94.199846238",23.6,48.3,43.3,22,8.1
"Ginn, J.T.",669372,2025,"90.1",392,25.3,7.9,".301",13.4,23.7,9.8,44.5,"94.914220549",28.7,42.9,52.3,20.3,6.6
"Hodge, Porter",687863,2025,"33.0",147,27.2,12.2,".317",7.8,23,9.1,38.2,"93.775686136",26.7,46.2,38.2,25.8,4.5
"Lodolo, Nick",666157,2025,"156.2",642,24.3,4.8,".291",10.4,24.2,8.2,40.5,"94.23638627",27.5,50,44.6,21.3,7
"Abel, Mick",690953,2025,"39.0",174,22.4,9.2,".346",10.6,25.1,8.5,49.2,"94.893442881",25.4,49.7,37.3,24.6,4.2
"Freeland, Kyle",607536,2025,"162.2",709,17.5,5.4,".342",14.8,30.1,9.4,47.3,"95.077603477",21,51.3,41.6,28.7,4.4
"Eisert, Brandon",685126,2025,"69.2",306,24.2,8.2,".314",10.6,22,9.5,37.1,"93.646268426",32,46.8,40.1,23.3,5.9
"Molina, Anthony",683627,2025,"34.2",160,15,3.8,".405",16.7,32.1,11.1,54,"95.93442368",24.2,46.2,42.1,21.4,1.6
"Buttó, José",676130,2025,"67.0",284,20.4,11.3,".328",10,25.9,9.4,39.8,"94.558922063",28.8,47.2,48.2,23,5.2
"Santillan, Tony",663574,2025,"73.2",301,24.9,9.6,".322",11.9,23.3,8.4,45.5,"95.576007872",27,49.7,37.7,28.8,11
"Brazobán, Huascar",623211,2025,"63.0",262,21.8,10.3,".309",7.7,21.6,8.1,34.5,"93.356656824",23.9,48.4,51.7,15.5,6.9
"Peralta, Wandy",593974,2025,"71.2",313,20.1,9.6,".311",10.8,23.8,6.9,36.2,"94.024205442",29,48.5,59.6,20.6,1.8
"Cruz, Fernando",518585,2025,"48.0",200,36,12,".288",10.7,22.5,8.9,38.6,"93.7985887",46.5,42.9,39.6,24.8,7.9
"Bergert, Ryan",686701,2025,"76.1",323,22.6,10.8,".322",8.6,25.4,7,36.4,"93.790266132",23.9,46.9,29.4,28,5.6
"Gray, Sonny",543243,2025,"180.2",753,26.7,5,".306",12.7,25.4,9.8,40.7,"94.518739901",27.5,47.4,45.1,24.4,7.3
"Erceg, Lucas",668674,2025,"61.1",249,19.3,7.2,".305",11.9,25,7.3,37.4,"94.233063785",24.7,48.7,52,21.8,7.3
"Walter, Brandon",687888,2025,"53.2",212,24.5,1.9,".282",8.7,20.6,7.2,38.6,"93.449561854",24.6,50.5,44.4,21.6,7.2
"Lively, Ben",594902,2025,"44.2",178,16.3,8.4,".332",12.7,31.2,10.4,44.8,"95.267296791",16.2,47.1,30.6,23.1,8.2
"Skubal, Tarik",669373,2025,"195.1",748,32.2,4.4,".258",6.4,17.7,8.1,33,"93.244404688",32.5,54.8,41.6,23.5,7.7
"King, John",667463,2025,"48.1",222,12.6,6.3,".337",14.6,33,5.1,43.3,"94.955228523",19.9,50.1,60,20.6,1.1
"Brash, Matt",666374,2025,"47.1",199,29.1,9,".282",8.2,22.7,5.8,30.6,"93.324825862",30.9,42.1,56.2,24.8,2.5
"Rolison, Ryan",669020,2025,"42.1",193,13,10.4,".364",13.1,32.1,9.6,38.5,"94.058196207",17.4,46,48.6,23,2
"Vasil, Mike",678024,2025,"101.0",423,19.4,12.3,".312",12.4,28.3,7.2,38.2,"94.283436871",24,42.5,50.7,20.7,5.4
"Lauer, Eric",641778,2025,"104.2",426,23.9,6.1,".306",11.1,26.6,8.1,41.9,"94.514243505",23.7,48.7,29.7,26.4,9.1
"Ober, Bailey",641927,2025,"146.1",624,19.2,5,".323",12.7,26.6,10.9,39.1,"94.459521595",24.1,51.7,30.6,23.1,12.4
"Taillon, Jameson",592791,2025,"129.2",519,18.9,5.2,".305",12.2,27.8,8.1,38.3,"93.815742513",20.8,48.5,34.3,23.6,9.9
"Pallante, Andre",669467,2025,"162.2",715,15.5,8.7,".321",12.4,28.8,6.6,39.9,"94.458794676",22.3,45.9,59.9,19.2,3
"Orze, Eric",679358,2025,"41.2",178,22.5,10.7,".297",8,18.1,7.9,30.2,"93.107698684",27,50.5,38.8,27.6,12.9
"Walker, Taijuan",592836,2025,"123.2",538,16,7.8,".330",13.7,29.9,7.4,41.4,"94.265534938",18.5,45.1,44.8,22.9,7.6
"Bassitt, Chris",605135,2025,"170.1",736,22.6,7.1,".316",11.9,25.3,8.5,36.6,"93.913717565",23.3,46.8,46.1,24.2,8.1
"Smith, Cade",671922,2025,"73.2",300,34.7,6.3,".248",6.5,19.6,4,37,"93.893454593",34.3,52.3,36.4,30.1,6.4
"Blalock, Bradley",687134,2025,"58.2",275,9.8,8.4,".409",15.8,33,12.2,45.9,"95.462649636",15.9,47.5,40.5,25.7,2.7
"Paddack, Chris",663978,2025,"158.0",670,16.7,5.5,".344",12.8,28,10.2,45.6,"95.130759451",20.7,51.3,37.5,24.5,9.8
"Waldrep, Hurston",694462,2025,"56.1",229,24,9.6,".310",10.1,27.1,4.2,40.3,"94.194874789",28.5,44.7,49.7,26.2,2.7
"Peterson, David",656849,2025,"168.2",723,20.7,9,".331",13.3,27.3,6.4,46,"95.237705996",24,46.8,55.4,26.6,2
"Kranick, Max",668820,2025,"37.0",150,16.7,4.7,".329",12.8,28.4,9.5,44.9,"94.664708261",20.7,55.6,36.4,23.7,11
"Ortiz, Luis",682847,2025,"88.2",382,25.1,11,".336",12.5,26,10.4,47.7,"95.788528",28.9,46.5,46.9,23.5,5.3
"Sale, Chris",519242,2025,"125.2",510,32.4,6.3,".265",7.6,21.1,6.3,35.4,"93.5351905",30.1,48.9,40.1,24.2,5
"Matthews, Zebby",805673,2025,"79.1",354,24.9,6.8,".333",9.9,25.1,9.9,38.8,"94.382515292",27.5,51.1,33.1,29.3,7
"Walker, Ryan",676254,2025,"61.1",266,22.6,6.8,".304",9.5,26.2,5,35.6,"93.548727356",21.6,43.2,50,26.7,4.4
"Sousa, Bennett",656986,2025,"50.2",199,29.6,7.5,".266",9.6,23.3,8.1,36.8,"94.230850081",36.8,53,39.2,24,8.8
"Cavalli, Cade",676917,2025,"48.2",219,18.3,6.8,".315",12.8,25.3,4.5,41.8,"94.471469551",27.9,49.6,55.1,24.1,5.1
"Blanco, Ronel",669854,2025,"48.1",199,24.1,10.1,".279",8.3,20.2,8.4,30.5,"92.826420709",32,47.6,35.9,22.1,9.9
"Cannon, Jonathan",686563,2025,"103.2",466,18.5,8.2,".354",12.5,26.3,10.8,45.4,"94.921395663",21.4,48.4,37.6,23.3,9
"Fried, Max",608331,2025,"195.1",801,23.6,6.4,".287",10.8,24,6.9,37.2,"93.857707638",26.6,46.9,52.6,20.1,6
"Javier, Cristian",664299,2025,"37.0",157,21.7,9.6,".285",11.6,25.3,6.5,38.3,"93.723277477",24,45.2,31.8,18.7,17.8
"Montero, Rafael",606160,2025,"60.1",253,22.9,14.6,".295",8.3,20.1,7,38.6,"94.108485769",29.3,47.1,48.7,19.6,5.7
"Yates, Kirby",489446,2025,"41.1",179,29.1,10.1,".318",9.5,18.1,13,42.6,"94.658953178",35.3,51.3,30.6,27.8,6.5
"Banda, Anthony",607455,2025,"65.0",269,22.7,13,".296",10.1,23.8,8.8,38.6,"93.888422308",27.2,47.7,39.8,18.7,5.8
"Rogers, Taylor",573124,2025,"50.2",221,24,10.4,".315",14.5,28.7,9.9,44.4,"94.992561511",23.2,44.3,41.5,26.8,9.2
"Bubic, Kris",663460,2025,"116.1",476,24.4,8.2,".278",9.8,22.1,6.6,39.3,"93.984739716",28.8,49.2,46.5,25.8,7.9
"Hicks, Jordan",663855,2025,"67.1",314,18.5,10.2,".330",11.8,29,4.7,45.6,"94.960133585",23.1,43.6,56.7,22.3,3.7
"Nola, Aaron",605400,2025,"94.1",404,24,6.9,".315",10.9,25.3,9.1,43.3,"94.399605751",25.2,46.9,42.9,22.5,8.4
"De los Santos, Yerry",660787,2025,"35.2",160,17.5,10.6,".325",12.5,26.6,5.3,41.2,"94.407822857",22.7,46.3,56.1,26.3,6.1
"Gipson-Long, Sawyer",687830,2025,"31.1",133,19.5,4.5,".377",14.2,29.7,13.1,39.4,"95.157078485",24.4,51.4,40.4,23.2,7.1
"Wheeler, Zack",554430,2025,"149.2",585,33.3,5.6,".247",7.4,19,7.2,34.1,"93.227809971",31.5,50.3,41.5,23.8,6.3
"Kremer, Dean",665152,2025,"171.2",708,20.1,6.4,".304",11,25,8.7,35.8,"93.877241465",22.9,49.4,40.2,23.7,7.7
"Senga, Kodai",673540,2025,"113.1",482,22.6,11.4,".309",10.5,24.6,8,40.6,"94.410346065",27.4,45.5,47.6,21.1,6.4
"Zeferjahn, Ryan",666171,2025,"57.0",256,28.5,13.3,".321",9,18.1,10.3,37.2,"93.863811135",30.3,45.3,37.2,20.7,6.9
"DeSclafani, Anthony",543101,2025,"38.2",169,21.3,7.1,".316",12,28.9,8.6,43.1,"94.710647544",25.9,46.8,43.1,20.7,6.9
"Junk, Janson",676083,2025,"110.0",447,17.2,2.9,".326",14.6,28.7,8.5,47.3,"95.649523095",18.2,52.5,41.4,26.9,6.8
"Keller, Brad",641745,2025,"69.2",276,27.2,8,".262",7.5,22.4,5.8,30.6,"92.819687251",26.9,45.1,56.6,18.5,7.5
"Ray, Robbie",592662,2025,"182.1",755,24.6,9.7,".300",9.5,23.6,9.6,44.7,"94.734721694",27.8,49.3,36.6,23.4,6.9
"Slaten, Justin",686580,2025,"34.0",137,18.2,7.3,".292",9.2,27.2,7.8,34.3,"93.722976765",27.9,53.9,41.2,23.5,7.8
"Lugo, Seth",607625,2025,"145.1",611,20.5,9,".348",14.6,30,11.1,45.2,"94.977892339",20.6,43.9,39.3,26.6,6.6
"Varland, Louis",686973,2025,"72.2",296,25.3,7.4,".311",10.2,22.9,9.2,43.7,"94.858925288",27.1,52.5,53.3,24.4,5.6
"King, Bryan",687911,2025,"68.0",275,25.1,4,".274",11,27.1,5.8,36.1,"93.54020385",24.4,49.7,42.4,26.7,6.3
"Gibson, Cade",806188,2025,"54.2",230,18.7,9.1,".304",12.8,27.5,5.6,37.5,"93.675747975",22.3,42.5,51.9,26.3,4.4
"Hill, Tim",657612,2025,"67.0",269,13.8,5.9,".288",15.5,30.7,7.9,45.1,"95.046864739",16.4,54.2,64.2,15.8,1.9
"Jackson, Luke",592426,2025,"51.0",219,17.4,12.8,".321",12.2,29.4,6.7,44,"95.393444932",22.7,46.7,52.7,21.3,4